-- SINH VIEN
INSERT INTO SINHVIEN (MaSV, TenSV, NgSinh, LopQL, DiaChi, LinkAnh, SDT)
VALUES 
('2055010003', 'Trần An', '2002-01-01', '20CN3', 'Hà Nội', 'https://drive.google.com/drive/folders/1RvueZJM_0q1KKTgQIcJ00FX7g2pq7Los?usp=drive_link', '0123456789'),
('2055010021', 'Ngô Hoàng Bách', '2002-01-01', '20CN3', 'Hà Nội', 'https://drive.google.com/drive/folders/19aJiA9WgpMcQm8xQ9f3Q7ua-JjS5Bu5E?usp=drive_link', '0123456789'),
('2055010027', 'Nguyễn Việt Cường', '2002-01-01', '20CN3', 'Hà Nội', 'https://drive.google.com/drive/folders/1UBhXSIGW7jfl9ytQCrlg9peD374WJ9HI?usp=drive_link', '0123456789'),
('2055010039', 'Đàm Trí Dũng', '2002-01-01', '20CN3', 'Hà Nội', 'https://drive.google.com/drive/folders/1GSOwWV-F6gSLvOJQhwGHVBK4rTaJKhMJ?usp=drive_link', '0123456789'),
('2055010042', 'Nguyễn Văn Dũng', '2002-01-01', '20CN3', 'Hà Nội', 'https://drive.google.com/drive/folders/1FeZ-HErrYV3HEY6AIiPqias8Nj5hijje?usp=drive_link', '0123456789'),
('2055010063', 'Nguyễn Văn Đức', '2002-01-01', '20CN3', 'Hà Nội', 'https://drive.google.com/drive/folders/18z7QZe2JR2bI-38wsAkcalXOUKI8lkmn?usp=drive_link', '0123456789'),
('2055010069', 'Lương Văn Giang', '2002-01-01', '20CN3', 'Hà Nội', 'https://drive.google.com/drive/folders/1JWA8TdaWHZYbViyGSnaH_wup5iyE7Xw8?usp=drive_link', '0123456789'),
('2055010072', 'Nguyễn Ngọc Hà', '2002-01-01', '20CN3', 'Hà Nội', 'https://drive.google.com/drive/folders/1R9wKlIb1Gs49m3trlexqzfzbePxrHSTl?usp=drive_link', '0123456789'),
('2055010075', 'Đỗ Trung Hải', '2002-01-01', '20CN3', 'Hà Nội', 'https://drive.google.com/drive/folders/1GrE9ul_UQvl7xVHik4oRNR1tDABwLahX?usp=drive_link', '0123456789'),
('2055010084', 'Phan Hoàng Hiệp', '2002-01-01', '20CN3', 'Hà Nội', 'https://drive.google.com/drive/folders/1BOmk6X9aPKf6l2-QJCuT6kxDUjQ-5Pza?usp=drive_link', '0123456789'),
('2055010093', 'Phạm Trung Hiếu', '2002-01-01', '20CN3', 'Hà Nội', 'https://drive.google.com/drive/folders/1V_Br8bhlmA7NVbNYp69Qxdxh8b6953CQ?usp=drive_link', '0123456789'),
('2055010099', 'Lê Huy Hoàng', '2002-01-01', '20CN3', 'Hà Nội', 'https://drive.google.com/drive/folders/1I7yzZ7-F-JOJimk6zhErxqxL710mlFV1?usp=drive_link', '0123456789'),
('2055010105', 'Nguyễn Văn Hợp', '2002-01-01', '20CN3', 'Hà Nội', 'https://drive.google.com/drive/folders/1OQDfoXhfemv_i3-FN0swYsx0wqFfjlv3?usp=drive_link', '0123456789'),
('2055010111', 'Nguyễn Minh Hùng', '2002-01-01', '20CN3', 'Hà Nội', 'https://drive.google.com/drive/folders/1vmwaiqMw0NgOiV2Aa3-dh7jncs689xXA?usp=drive_link', '0123456789'),
('2055010117', 'Lưu Tuấn Huy', '2002-01-01', '20CN3', 'Hà Nội', 'https://drive.google.com/drive/folders/1WpQXUYc3jaHAVw6gGV6pT-NVW7dCu0ge?usp=drive_link', '0123456789'),
('2055010123', 'Quách Ngọc Huy', '2002-01-01', '20CN3', 'Hà Nội', 'https://drive.google.com/drive/folders/1ROtf_z1UpqBzLKHycZx9i3wuBal4zuq4?usp=drive_link', '0123456789'),
('2055010129', 'Đỗ Minh Huyền', '2002-01-01', '20CN3', 'Hà Nội', 'https://drive.google.com/drive/folders/1P4Q4y_HAhdUrqXDgttUOn_X3KhMfjeCQ?usp=drive_link', '0123456789'),
('2055010135', 'Nguyễn Quang Hưng', '2002-01-01', '20CN3', 'Hà Nội', 'https://drive.google.com/drive/folders/1s22fnRRLOiQMelpJGraCB53i5dVIC1pT?usp=drive_link', '0123456789'),
('2055010141', 'Đỗ Tú Kiên', '2002-01-01', '20CN3', 'Hà Nội', 'https://drive.google.com/drive/folders/1g9ZuZ0na4L8l_HmTRCyqCjA7XPz4hRbj?usp=drive_link', '0123456789'),
('2055010150', 'Bùi Phương Lan', '2002-01-01', '20CN3', 'Hà Nội', 'https://drive.google.com/drive/folders/14s8pwACARZb4OoYyWQ8p9AKLtRb7HAcj?usp=drive_link', '0123456789'),
('2055010153', 'Dương Khánh Linh', '2002-01-01', '20CN3', 'Hà Nội', 'https://drive.google.com/drive/folders/16Byz0kdkUQsxbFt4-Z0yX5_bkBvL0RD4?usp=drive_link', '0123456789'),
('2055010159', 'Vũ Thanh Long', '2002-01-01', '20CN3', 'Hà Nội', 'https://drive.google.com/drive/folders/1hFjXpLXqt3882PV4pvq0eyXAbxjjQfvm?usp=drive_link', '0123456789'),
('2055010165', 'Phùng Duy Mạnh', '2002-01-01', '20CN3', 'Hà Nội', 'https://drive.google.com/drive/folders/1Y1rXUFvHCQSDUsoA72dfwYChjW8wv0EA?usp=drive_link', '0123456789'),
('2055010177', 'Trần Hoàn Mỹ', '2002-01-01', '20CN3', 'Hà Nội', 'https://drive.google.com/drive/folders/14JtytvKEsl4mYJiLE41Mpbyk05nheEsX?usp=drive_link', '0123456789'),
('2055010180', 'Hoàng Xuân Nam', '2002-01-01', '20CN3', 'Hà Nội', 'https://drive.google.com/drive/folders/1gWZ5k28gy-iX5r6OIPTYCgnrnTati_u-?usp=drive_link', '0123456789'),
('2055010189', 'Phan Trung Nghĩa', '2002-01-01', '20CN3', 'Hà Nội', 'https://drive.google.com/drive/folders/16kJ5C0T_oCEQdYg6AyZkOx0WmZV7Y-xq?usp=drive_link', '0123456789'),
('2055010195', 'Lê Thị Nhung', '2002-01-01', '20CN3', 'Hà Nội', 'https://drive.google.com/drive/folders/1-nUWL43EX8cx8joVtOJFwkybyeQMUoj7?usp=drive_link', '0123456789'),
('2055010201', 'Hồ Bá Phong', '2002-01-01', '20CN3', 'Hà Nội', 'https://drive.google.com/drive/folders/1iBcX5kc4rT-dq4krcgu9ab_Wu7uI-QpM?usp=drive_link', '0123456789'),
('2055010204', 'Vũ Hồng Phúc', '2002-01-01', '20CN3', 'Hà Nội', 'https://drive.google.com/drive/folders/1_xsIa7PXmUiy96V-OSKqekhuj-U2Z6--?usp=drive_link', '0123456789'),
('2055010207', 'Hoàng Thị Quỳnh Phương', '2002-01-01', '20CN3', 'Hà Nội', 'https://drive.google.com/drive/folders/1XUmgGC5tgiBpb0US9NZuleO8d78OnYWF?usp=drive_link', '0123456789'),
('2055010215', 'Phạm Thị Phương', '2002-01-01', '20CN3', 'Hà Nội', 'https://drive.google.com/drive/folders/1eQB1nx1_gy8XScm_bRFdpL3bHcqsQFod?usp=drive_link', '0123456789'),
('2055010219', 'Nguyễn Ngọc Quân', '2002-01-01', '20CN3', 'Hà Nội', 'https://drive.google.com/drive/folders/1d6tI3Kh_tPkTzqxDdhknU6sVlvPt4zJy?usp=drive_link', '0123456789'),
('2055010237', 'Nguyễn Văn Anh Tú', '2002-01-01', '20CN3', 'Hà Nội', 'https://drive.google.com/drive/folders/1zRUbNpL79d5u_AtzZkkxqfc4cAYHIQ45?usp=drive_link', '0123456789'),
('2055010243', 'Phạm Minh Tuấn', '2002-01-01', '20CN3', 'Hà Nội', 'https://drive.google.com/drive/folders/19SmZRIKU65g7bA3i2brhaJTZdq2hnTGu?usp=drive_link', '0123456789'),
('2055010249', 'Trần Quang Tùng', '2002-01-01', '20CN3', 'Hà Nội', 'https://drive.google.com/drive/folders/1ZpbmY7hQVp0FRcC-9vyphsvPSG0eUaIw?usp=drive_link', '0123456789'),
('2055010252', 'Đào Hữu Thạch', '2002-01-01', '20CN3', 'Hà Nội', 'https://drive.google.com/drive/folders/13KL_0e5VAZikYaVmLskVpr6xkD6yGr0G?usp=drive_link', '0123456789'),
('2055010255', 'Đỗ Quang Thanh', '2002-01-01', '20CN3', 'Hà Nội', 'https://drive.google.com/drive/folders/15iO3LMZ0oGVvnhGZelLg4UG6SmpctqCq?usp=drive_link', '0123456789'),
('2055010267', 'Nghiêm Xuân Thịnh', '2002-01-01', '20CN3', 'Hà Nội', 'https://drive.google.com/drive/folders/1psirGQX8iWRUSSiPVm41hyrdNlMmVDSI?usp=drive_link', '0123456789'),
('2055010273', 'Trần Thị Anh Thư', '2002-01-01', '20CN3', 'Hà Nội', 'https://drive.google.com/drive/folders/1vaNXPNhqCQhqD9i53VBsNC6CKRHeLqd1?usp=drive_link', '0123456789'),
('2055010297', 'Nguyễn Văn Vương', '2002-01-01', '20CN3', 'Hà Nội', 'https://drive.google.com/drive/folders/1z3KO7v-bahF-sLVauh4ZznduoWtnzgZz?usp=drive_link', '0123456789');


-- GIAO VIEN
INSERT INTO GIAOVIEN (MaGV, TenGV, NgSinh, DiaChi, MatKhau, SDT)
VALUES 
('GV00000001', 'Nguyễn Văn A', '1970-06-06', 'Hà Nội', 'teacher123', '0234567891'),
('GV00000002', 'Nguyễn Thị B', '1971-07-07', 'Hà Nội', 'teacher456', '0234567891'),
('GV00000003', 'Trần Thị C', '1972-08-08', 'Hà Nội', 'teacher789', '0234567891'),
('GV00000004', 'Đinh Ngọc D', '1973-09-09', 'Hà Nội', 'teacher012', '0234567891'),
('GV00000005', 'Đỗ Cao M', '1974-10-10', 'Hà Nội', 'teacher345', '0234567891');


-- LOP HOC
INSERT INTO LOPHOC (MaLop, TenMon, MaGV, LichHoc, PhongHoc, SoluongSV, SoNgay)
VALUES 
('TH5216_20CN3', 'Đồ họa và hiện thực ảo', 'GV00000001', 'Thứ 3: 8-12; Thứ 7: 8-12', 'I801', 15, 45),
('TH4307.1_20CN3', 'Thực tập chuyên môn', 'GV00000002', 'Thứ 2: 8-12; Thứ 4: 8-12; Thứ 6: 8-12', 'H901', 15, 45),
('TH4310_20CN3', 'Kho dữ liệu và khai phá dữ liệu', 'GV00000002', 'Thứ 4: 8-12; Thứ 7: 8-12', 'H504', 15, 45),
('TH5213_20CN3', 'Lập trình mạng', 'GV00000003', 'Thứ 3: 8-12; Thứ 6: 8-12', 'I702', 15, 45),
('TH4318_20CN3', 'Phát triển phần mềm hướng dịch vụ', 'GV00000004', 'Thứ 2: 8-12; Thứ 5: 8-12', 'Online', 15, 45);


-- DS LOP
INSERT INTO DSLOP (MaDS, MaLop, MaSV, SoDD)
VALUES 
('DS00000001', 'TH5216_20CN3', '2055010201', 0),
('DS00000002', 'TH5216_20CN3', '2055010039', 0),
('DS00000003', 'TH5216_20CN3', '2055010042', 0),
('DS00000004', 'TH5216_20CN3', '2055010204', 0),
('DS00000005', 'TH5216_20CN3', '2055010093', 0),
('DS00000006', 'TH5216_20CN3', '2055010111', 0),
('DS00000007', 'TH5216_20CN3', '2055010215', 0),
('DS00000008', 'TH5216_20CN3', '2055010135', 0),
('DS00000009', 'TH5216_20CN3', '2055010273', 0),
('DS00000010', 'TH5216_20CN3', '2055010252', 0),
('DS00000011', 'TH5216_20CN3', '2055010267', 0),
('DS00000012', 'TH5216_20CN3', '2055010243', 0),
('DS00000013', 'TH5216_20CN3', '2055010297', 0),
('DS00000014', 'TH5216_20CN3', '2055010177', 0),
('DS00000015', 'TH5216_20CN3', '2055010207', 0),
('DS00000016', 'TH5216_20CN3', '2055010150', 0),
('DS00000017', 'TH5216_20CN3', '2055010165', 0),
-- ('DS00000018', 'TH5216_20CN3', 'SV00000002', 0),
-- ('DS00000019', 'TH5216_20CN3', 'SV00000002', 0),
-- ('DS00000020', 'TH5216_20CN3', 'SV00000003', 0),

('DS00000021', 'TH4307.1_20CN3', '2055010219', 0),
('DS00000022', 'TH4307.1_20CN3', '2055010021', 0),
('DS00000023', 'TH4307.1_20CN3', '2055010297', 0),
('DS00000024', 'TH4307.1_20CN3', '2055010237', 0),
('DS00000025', 'TH4307.1_20CN3', '2055010084', 0),
('DS00000026', 'TH4307.1_20CN3', '2055010165', 0),
('DS00000027', 'TH4307.1_20CN3', '2055010189', 0),
('DS00000028', 'TH4307.1_20CN3', '2055010150', 0),
('DS00000029', 'TH4307.1_20CN3', '2055010252', 0),
('DS00000030', 'TH4307.1_20CN3', '2055010207', 0),
('DS00000031', 'TH4307.1_20CN3', '2055010075', 0),
('DS00000032', 'TH4307.1_20CN3', '2055010117', 0),
('DS00000033', 'TH4307.1_20CN3', '2055010255', 0),
('DS00000034', 'TH4307.1_20CN3', '2055010201', 0),
('DS00000035', 'TH4307.1_20CN3', '2055010135', 0),
('DS00000036', 'TH4307.1_20CN3', '2055010069', 0),
('DS00000037', 'TH4307.1_20CN3', '2055010153', 0),
('DS00000038', 'TH4307.1_20CN3', '2055010123', 0),
-- ('DS00000039', 'TH4307.1_20CN3', 'SV00000002', 0),
-- ('DS00000040', 'TH4307.1_20CN3', 'SV00000003', 0),

('DS00000041', 'TH4310_20CN3', '2055010297', 0),
('DS00000042', 'TH4310_20CN3', '2055010027', 0),
('DS00000043', 'TH4310_20CN3', '2055010219', 0),
('DS00000044', 'TH4310_20CN3', '2055010123', 0),
('DS00000045', 'TH4310_20CN3', '2055010252', 0),
('DS00000046', 'TH4310_20CN3', '2055010129', 0),
('DS00000047', 'TH4310_20CN3', '2055010237', 0),
('DS00000048', 'TH4310_20CN3', '2055010063', 0),
('DS00000049', 'TH4310_20CN3', '2055010135', 0),
('DS00000050', 'TH4310_20CN3', '2055010099', 0),
('DS00000051', 'TH4310_20CN3', '2055010150', 0),
('DS00000052', 'TH4310_20CN3', '2055010069', 0),
('DS00000053', 'TH4310_20CN3', '2055010267', 0),
('DS00000054', 'TH4310_20CN3', '2055010141', 0),
('DS00000055', 'TH4310_20CN3', '2055010072', 0),
('DS00000056', 'TH4310_20CN3', '2055010021', 0),
('DS00000057', 'TH4310_20CN3', '2055010165', 0),
-- ('DS00000058', 'TH4310_20CN3', '2055010075', 0),
-- ('DS00000059', 'TH4310_20CN3', 'SV00000002', 0),
-- ('DS00000060', 'TH4310_20CN3', 'SV00000003', 0),

('DS00000061', 'TH5213_20CN3', '2055010075', 0),
('DS00000062', 'TH5213_20CN3', '2055010069', 0),
('DS00000063', 'TH5213_20CN3', '2055010177', 0),
('DS00000064', 'TH5213_20CN3', '2055010063', 0),
('DS00000065', 'TH5213_20CN3', '2055010201', 0),
('DS00000066', 'TH5213_20CN3', '2055010165', 0),
('DS00000067', 'TH5213_20CN3', '2055010237', 0),
('DS00000068', 'TH5213_20CN3', '2055010195', 0),
('DS00000069', 'TH5213_20CN3', '2055010105', 0),
('DS00000070', 'TH5213_20CN3', '2055010003', 0),
('DS00000071', 'TH5213_20CN3', '2055010027', 0),
('DS00000072', 'TH5213_20CN3', '2055010159', 0),
('DS00000073', 'TH5213_20CN3', '2055010249', 0),
('DS00000074', 'TH5213_20CN3', '2055010093', 0),
('DS00000075', 'TH5213_20CN3', '2055010084', 0),
('DS00000076', 'TH5213_20CN3', '2055010072', 0),
('DS00000077', 'TH5213_20CN3', '2055010267', 0),
-- ('DS00000078', 'TH5213_20CN3', '2055010153', 0),
-- ('DS00000079', 'TH5213_20CN3', 'SV00000002', 0),
-- ('DS00000080', 'TH5213_20CN3', 'SV00000003', 0),

('DS00000081', 'TH4318_20CN3', '2055010153', 0),
('DS00000082', 'TH4318_20CN3', '2055010105', 0),
('DS00000083', 'TH4318_20CN3', '2055010075', 0),
('DS00000084', 'TH4318_20CN3', '2055010027', 0),
('DS00000085', 'TH4318_20CN3', '2055010159', 0),
('DS00000086', 'TH4318_20CN3', '2055010141', 0),
('DS00000087', 'TH4318_20CN3', '2055010093', 0),
('DS00000088', 'TH4318_20CN3', '2055010207', 0),
('DS00000089', 'TH4318_20CN3', '2055010252', 0),
('DS00000090', 'TH4318_20CN3', '2055010150', 0),
('DS00000091', 'TH4318_20CN3', '2055010243', 0),
('DS00000092', 'TH4318_20CN3', '2055010069', 0),
('DS00000093', 'TH4318_20CN3', '2055010129', 0),
('DS00000094', 'TH4318_20CN3', '2055010180', 0),
('DS00000095', 'TH4318_20CN3', '2055010117', 0),
('DS00000096', 'TH4318_20CN3', '2055010201', 0),
('DS00000097', 'TH4318_20CN3', '2055010123', 0),
('DS00000098', 'TH4318_20CN3', '2055010255', 0),
('DS00000099', 'TH4318_20CN3', '2055010177', 0),
('DS00000100', 'TH4318_20CN3', '2055010237', 0);


-- ADMIN
INSERT INTO ADMIN (MaAD, TenDN, MatKhau)
VALUES 
('AD00000001', 'admin1', 'securepassword1'),
('AD00000002', 'admin2', 'securepassword2'),
('AD00000003', 'admin3', 'securepassword3');


-- BAOCAO
INSERT INTO BAOCAO (MaBC, NgayBC, MaSV, MaLop, DiemDanh, GhiChu)
VALUES 
('BC00000001', '2024-03-18 00:00:00', '2055010201', 'TH5216_20CN3', 0, ''),
('BC00000002', '2024-03-18 00:00:00', '2055010039', 'TH5216_20CN3', 0, ''),
('BC00000003', '2024-03-18 00:00:00', '2055010042', 'TH5216_20CN3', 0, ''),
('BC00000004', '2024-03-18 00:00:00', '2055010204', 'TH5216_20CN3', 0, ''),
('BC00000005', '2024-03-18 00:00:00', '2055010093', 'TH5216_20CN3', 0, ''),
('BC00000006', '2024-03-18 00:00:00', '2055010111', 'TH5216_20CN3', 0, ''),
('BC00000007', '2024-03-18 00:00:00', '2055010215', 'TH5216_20CN3', 0, ''),
('BC00000008', '2024-03-18 00:00:00', '2055010135', 'TH5216_20CN3', 0, ''),
('BC00000009', '2024-03-18 00:00:00', '2055010273', 'TH5216_20CN3', 0, ''),
('BC00000010', '2024-03-18 00:00:00', '2055010252', 'TH5216_20CN3', 0, ''),
('BC00000011', '2024-03-18 00:00:00', '2055010267', 'TH5216_20CN3', 0, ''),
('BC00000012', '2024-03-18 00:00:00', '2055010243', 'TH5216_20CN3', 0, ''),
('BC00000013', '2024-03-18 00:00:00', '2055010297', 'TH5216_20CN3', 0, ''),
('BC00000014', '2024-03-18 00:00:00', '2055010177', 'TH5216_20CN3', 0, ''),
('BC00000015', '2024-03-18 00:00:00', '2055010207', 'TH5216_20CN3', 0, ''),
('BC00000016', '2024-03-18 00:00:00', '2055010150', 'TH5216_20CN3', 0, ''),
('BC00000017', '2024-03-18 00:00:00', '2055010165', 'TH5216_20CN3', 0, ''),
-- ('BC00000018, '2024-03-18 00:00:00'C0000000, 'SV00000002'1', 'TH5216_20CN3', 0, ''),
-- ('BC00000019, '2024-03-18 00:00:00'C0000000, 'SV00000002'1', 'TH5216_20CN3', 0, ''),
-- ('BC00000020, '2024-03-18 00:00:00'C0000000, 'SV00000003'1', 'TH5216_20CN3', 0, ''),

('BC00000021', '2024-03-18 00:00:00', '2055010219', 'TH4307.1_20CN3', 0, ''),
('BC00000022', '2024-03-18 00:00:00', '2055010021', 'TH4307.1_20CN3', 0, ''),
('BC00000023', '2024-03-18 00:00:00', '2055010297', 'TH4307.1_20CN3', 0, ''),
('BC00000024', '2024-03-18 00:00:00', '2055010237', 'TH4307.1_20CN3', 0, ''),
('BC00000025', '2024-03-18 00:00:00', '2055010084', 'TH4307.1_20CN3', 0, ''),
('BC00000026', '2024-03-18 00:00:00', '2055010165', 'TH4307.1_20CN3', 0, ''),
('BC00000027', '2024-03-18 00:00:00', '2055010189', 'TH4307.1_20CN3', 0, ''),
('BC00000028', '2024-03-18 00:00:00', '2055010150', 'TH4307.1_20CN3', 0, ''),
('BC00000029', '2024-03-18 00:00:00', '2055010252', 'TH4307.1_20CN3', 0, ''),
('BC00000030', '2024-03-18 00:00:00', '2055010207', 'TH4307.1_20CN3', 0, ''),
('BC00000031', '2024-03-18 00:00:00', '2055010075', 'TH4307.1_20CN3', 0, ''),
('BC00000032', '2024-03-18 00:00:00', '2055010117', 'TH4307.1_20CN3', 0, ''),
('BC00000033', '2024-03-18 00:00:00', '2055010255', 'TH4307.1_20CN3', 0, ''),
('BC00000034', '2024-03-18 00:00:00', '2055010201', 'TH4307.1_20CN3', 0, ''),
('BC00000035', '2024-03-18 00:00:00', '2055010135', 'TH4307.1_20CN3', 0, ''),
('BC00000036', '2024-03-18 00:00:00', '2055010069', 'TH4307.1_20CN3', 0, ''),
('BC00000037', '2024-03-18 00:00:00', '2055010153', 'TH4307.1_20CN3', 0, ''),
('BC00000038', '2024-03-18 00:00:00', '2055010123', 'TH4307.1_20CN3', 0, ''),
-- ('BC00000039, '2024-03-18 00:00:00'C0000000, 'SV00000002'1', 'TH4307.1_20CN3', 0, ''),
-- ('BC00000040, '2024-03-18 00:00:00'C0000000, 'SV00000003'1', 'TH4307.1_20CN3', 0, ''),

('BC00000041', '2024-03-18 00:00:00', '2055010297', 'TH4310_20CN3', 0, ''),
('BC00000042', '2024-03-18 00:00:00', '2055010027', 'TH4310_20CN3', 0, ''),
('BC00000043', '2024-03-18 00:00:00', '2055010219', 'TH4310_20CN3', 0, ''),
('BC00000044', '2024-03-18 00:00:00', '2055010123', 'TH4310_20CN3', 0, ''),
('BC00000045', '2024-03-18 00:00:00', '2055010252', 'TH4310_20CN3', 0, ''),
('BC00000046', '2024-03-18 00:00:00', '2055010129', 'TH4310_20CN3', 0, ''),
('BC00000047', '2024-03-18 00:00:00', '2055010237', 'TH4310_20CN3', 0, ''),
('BC00000048', '2024-03-18 00:00:00', '2055010063', 'TH4310_20CN3', 0, ''),
('BC00000049', '2024-03-18 00:00:00', '2055010135', 'TH4310_20CN3', 0, ''),
('BC00000050', '2024-03-18 00:00:00', '2055010099', 'TH4310_20CN3', 0, ''),
('BC00000051', '2024-03-18 00:00:00', '2055010150', 'TH4310_20CN3', 0, ''),
('BC00000052', '2024-03-18 00:00:00', '2055010069', 'TH4310_20CN3', 0, ''),
('BC00000053', '2024-03-18 00:00:00', '2055010267', 'TH4310_20CN3', 0, ''),
('BC00000054', '2024-03-18 00:00:00', '2055010141', 'TH4310_20CN3', 0, ''),
('BC00000055', '2024-03-18 00:00:00', '2055010072', 'TH4310_20CN3', 0, ''),
('BC00000056', '2024-03-18 00:00:00', '2055010021', 'TH4310_20CN3', 0, ''),
('BC00000057', '2024-03-18 00:00:00', '2055010165', 'TH4310_20CN3', 0, ''),
-- ('BC00000058, '2024-03-18 00:00:00'C0000000, '2055010075'1', 'TH4310_20CN3', 0, ''),
-- ('BC00000059, '2024-03-18 00:00:00'C0000000, 'SV00000002'1', 'TH4310_20CN3', 0, ''),
-- ('BC00000060, '2024-03-18 00:00:00'C0000000, 'SV00000003'1', 'TH4310_20CN3', 0, ''),

('BC00000061', '2024-03-18 00:00:00', '2055010075', 'TH5213_20CN3', 0, ''),
('BC00000062', '2024-03-18 00:00:00', '2055010069', 'TH5213_20CN3', 0, ''),
('BC00000063', '2024-03-18 00:00:00', '2055010177', 'TH5213_20CN3', 0, ''),
('BC00000064', '2024-03-18 00:00:00', '2055010063', 'TH5213_20CN3', 0, ''),
('BC00000065', '2024-03-18 00:00:00', '2055010201', 'TH5213_20CN3', 0, ''),
('BC00000066', '2024-03-18 00:00:00', '2055010165', 'TH5213_20CN3', 0, ''),
('BC00000067', '2024-03-18 00:00:00', '2055010237', 'TH5213_20CN3', 0, ''),
('BC00000068', '2024-03-18 00:00:00', '2055010195', 'TH5213_20CN3', 0, ''),
('BC00000069', '2024-03-18 00:00:00', '2055010105', 'TH5213_20CN3', 0, ''),
('BC00000070', '2024-03-18 00:00:00', '2055010003', 'TH5213_20CN3', 0, ''),
('BC00000071', '2024-03-18 00:00:00', '2055010027', 'TH5213_20CN3', 0, ''),
('BC00000072', '2024-03-18 00:00:00', '2055010159', 'TH5213_20CN3', 0, ''),
('BC00000073', '2024-03-18 00:00:00', '2055010249', 'TH5213_20CN3', 0, ''),
('BC00000074', '2024-03-18 00:00:00', '2055010093', 'TH5213_20CN3', 0, ''),
('BC00000075', '2024-03-18 00:00:00', '2055010084', 'TH5213_20CN3', 0, ''),
('BC00000076', '2024-03-18 00:00:00', '2055010072', 'TH5213_20CN3', 0, ''),
('BC00000077', '2024-03-18 00:00:00', '2055010267', 'TH5213_20CN3', 0, ''),
-- ('BC00000078, '2024-03-18 00:00:00'C0000000, '2055010153'1', 'TH5213_20CN3', 0, ''),
-- ('BC00000079, '2024-03-18 00:00:00'C0000000, 'SV00000002'1', 'TH5213_20CN3', 0, ''),
-- ('BC00000080, '2024-03-18 00:00:00'C0000000, 'SV00000003'1', 'TH5213_20CN3', 0, ''),

('BC00000081', '2024-03-18 00:00:00', '2055010153', 'TH4318_20CN3', 0, ''),
('BC00000082', '2024-03-18 00:00:00', '2055010105', 'TH4318_20CN3', 0, ''),
('BC00000083', '2024-03-18 00:00:00', '2055010075', 'TH4318_20CN3', 0, ''),
('BC00000084', '2024-03-18 00:00:00', '2055010027', 'TH4318_20CN3', 0, ''),
('BC00000085', '2024-03-18 00:00:00', '2055010159', 'TH4318_20CN3', 0, ''),
('BC00000086', '2024-03-18 00:00:00', '2055010141', 'TH4318_20CN3', 0, ''),
('BC00000087', '2024-03-18 00:00:00', '2055010093', 'TH4318_20CN3', 0, ''),
('BC00000088', '2024-03-18 00:00:00', '2055010207', 'TH4318_20CN3', 0, ''),
('BC00000089', '2024-03-18 00:00:00', '2055010252', 'TH4318_20CN3', 0, ''),
('BC00000090', '2024-03-18 00:00:00', '2055010150', 'TH4318_20CN3', 0, ''),
('BC00000091', '2024-03-18 00:00:00', '2055010243', 'TH4318_20CN3', 0, ''),
('BC00000092', '2024-03-18 00:00:00', '2055010069', 'TH4318_20CN3', 0, ''),
('BC00000093', '2024-03-18 00:00:00', '2055010129', 'TH4318_20CN3', 0, ''),
('BC00000094', '2024-03-18 00:00:00', '2055010180', 'TH4318_20CN3', 0, ''),
('BC00000095', '2024-03-18 00:00:00', '2055010117', 'TH4318_20CN3', 0, ''),
('BC00000096', '2024-03-18 00:00:00', '2055010201', 'TH4318_20CN3', 0, ''),
('BC00000097', '2024-03-18 00:00:00', '2055010123', 'TH4318_20CN3', 0, ''),
('BC00000098', '2024-03-18 00:00:00', '2055010255', 'TH4318_20CN3', 0, ''),
('BC00000099', '2024-03-18 00:00:00', '2055010177', 'TH4318_20CN3', 0, ''),
('BC00000100', '2024-03-18 00:00:00', '2055010237', 'TH4318_20CN3', 0, '');




